http://diaporamas.doctissimo.fr/sante/10-avertissements-cigarettes/;
http://diaporamas.doctissimo.fr/sante/les-soins-palliatifs-en-photos/;
http://diaporamas.doctissimo.fr/sante/les-aides-pour-se-soigner/;Mutuelle Zen
http://diaporamas.doctissimo.fr/sante/arreter-de-fumer-sans-grossir/;
http://diaporamas.doctissimo.fr/sante/les-differents-types-de-verrue/;
http://diaporamas.doctissimo.fr/sante/tout-savoir-sur-nos-yeux/;Charo Sierra; Bien voir
http://diaporamas.doctissimo.fr/sante/comment-aider-votre-enfant-a-s-endormir/;Rosa Grabal; Doc TV
http://diaporamas.doctissimo.fr/sante/16-trucs-pour-eviter-les-problemes-cardiovasculaires/;Cardio Info; Forum Hypertension
http://diaporamas.doctissimo.fr/sante/mythes-et-realites-sur-la-contraception/;Dossier Contraception; Forum Contraception
http://diaporamas.doctissimo.fr/sante/conseils-anti-cancer/;Forum Cancer
http://diaporamas.doctissimo.fr/sante/eviter-complications-diabete/;
http://diaporamas.doctissimo.fr/sante/retro-sante-2013/;
http://diaporamas.doctissimo.fr/grossesse/les-aliments-qui-boostent-la-fertilite/;
http://diaporamas.doctissimo.fr/grossesse/les-aliments-a-eviter-pendant-la-grossesse/;Forum Grossesse
http://diaporamas.doctissimo.fr/grossesse/maillot-de-bain-de-grossesse/;Jessica Xavier
http://diaporamas.doctissimo.fr/grossesse/grossesse-ete/;Forum Grossesse
http://diaporamas.doctissimo.fr/grossesse/stars-grossesses-ete-2013/;
http://diaporamas.doctissimo.fr/bebe/prenom-espagnol-garcon/;
http://diaporamas.doctissimo.fr/bebe/top-prenoms/;
http://diaporamas.doctissimo.fr/bebe/prenom-espagnol-fille/;
http://diaporamas.doctissimo.fr/bebe/election-bebe-cadum/;
http://diaporamas.doctissimo.fr/bebe/les-prenoms-des-enfants-de-la-monarchie-europeenne/;
http://diaporamas.doctissimo.fr/bebe/les-massages-pour-bebes/;Rosa Grabal
http://diaporamas.doctissimo.fr/bebe/premiers-soins-de-bebe/;Annabelle Iglesias; Septembre 2013; Doc TV
http://diaporamas.doctissimo.fr/psychologie/les-causes-de-stress-et-les-moyens-d-y-remedier/;Jessica Xavier; Forum Stress
http://diaporamas.doctissimo.fr/psychologie/journee-femme/;
http://diaporamas.doctissimo.fr/psychologie/les-faux-pas-a-eviter-au-reveillon/;Forum Alcool
http://diaporamas.doctissimo.fr/psychologie/decouvrez-votre-philosophie-amoureuse/;
http://diaporamas.doctissimo.fr/psychologie/20-erreurs-a-eviter-au-premier-rendez-vous/;Parcours amoureux
http://diaporamas.doctissimo.fr/psychologie/les-problemes-de-couple-les-plus-frequents/;
http://diaporamas.doctissimo.fr/psychologie/les-cles-de-l-intimite-quand-on-est-parents/;Test couple
http://diaporamas.doctissimo.fr/psychologie/12-conseils-booster-rentree/;Catherine Maillard; Daniel Pink; 256 pages
http://diaporamas.doctissimo.fr/psychologie/travailler-en-couple-comment-concilier-boulot-et-vie-perso/;Dossier Travail
http://diaporamas.doctissimo.fr/psychologie/rupture-amoureuse/;
http://diaporamas.doctissimo.fr/psychologie/phobies-insolites/;Jessica Xavier; Forum Phobies; Forum Stress
http://diaporamas.doctissimo.fr/psychologie/travailler-dans-un-monde-de-femmes-mode-d-emploi/;environnements professionnels; Catherine Maillard; Maud Simon; Editions InterEditions; 192 pages; 288 pages; 219 pages
http://diaporamas.doctissimo.fr/psychologie/education-dans-le-monde/;Catherine Maillard; 367 pages
http://diaporamas.doctissimo.fr/psychologie/travailler-monde-hommes-mode-d-emploi/;exclusivement masculin; Catherine Maillard
http://diaporamas.doctissimo.fr/psychologie/les-principales-causes-de-depression/;Jessica Xavier; 160 pages
http://diaporamas.doctissimo.fr/psychologie/les-symptomes-du-stress/;Jessica Xavier; Forum Stress
http://diaporamas.doctissimo.fr/psychologie/comment-rompre-en-douceur/;Patricia Delahaie; 256 pages; Parcours amoureux
http://diaporamas.doctissimo.fr/psychologie/pourquoi-les-hommes/;Jessica Xavier; Lubomir Lamy; 151 pages; Philippe Brenot; Editions Marabout; 400 pages; Psychologie masculine
http://diaporamas.doctissimo.fr/psychologie/10-indices-qui-prouvent-qu-il-vous-aime/;Jessica Xavier; Lubomir Lamy; Editions Payot; 219 pages
http://diaporamas.doctissimo.fr/psychologie/comment-etre-plus-heureux/;
http://diaporamas.doctissimo.fr/psychologie/burn-out-les-facteurs-de-risque/;Jessica Xavier; Forum Stress
http://diaporamas.doctissimo.fr/psychologie/10-signes-qui-prouvent-que-vous-n-etes-plus-amoureux/;
http://diaporamas.doctissimo.fr/psychologie/les-phobies-les-plus-courantes/;Les phobies
http://diaporamas.doctissimo.fr/psychologie/les-cles-d-une-dispute-saine/;
http://diaporamas.doctissimo.fr/psychologie/les-secrets-d-une-relation-a-distance-epanouie/;
http://diaporamas.doctissimo.fr/psychologie/citation-jour/;
http://diaporamas.doctissimo.fr/psychologie/gare-au-burn-out/;
http://diaporamas.doctissimo.fr/psychologie/drague-les-10-erreurs-a-ne-pas-commettre/;site internet
http://diaporamas.doctissimo.fr/nutrition/st-valentin-shopping-gourmand/;Cuisine aphrodisiaque
http://diaporamas.doctissimo.fr/nutrition/10-idees-recues-sur-les-regimes/;Forum Zermati; A lire
http://diaporamas.doctissimo.fr/nutrition/cuisson-en-croute-de-sel/;Equilibre alimentaire
http://diaporamas.doctissimo.fr/nutrition/aliments-allergies/;
http://diaporamas.doctissimo.fr/nutrition/carte-d-identite-des-probiotiques/;Louis Asana
http://diaporamas.doctissimo.fr/nutrition/les-aliments-bons-pour-notre-flore-intestinale/;Charo Sierra
http://diaporamas.doctissimo.fr/nutrition/les-aliments-qui-boostent-votre-cerveau/;Charo Sierra
http://diaporamas.doctissimo.fr/nutrition/les-aliments-coupe-faim/;Charo Sierra
http://diaporamas.doctissimo.fr/nutrition/les-aliments-les-plus-riches-en-fer/;
http://diaporamas.doctissimo.fr/nutrition/recettes-sauces-light/;Equilibre alimentaire
http://diaporamas.doctissimo.fr/nutrition/aliments-bronzage/;vitamine C; vitamine E; Forum Soleil
http://diaporamas.doctissimo.fr/nutrition/les-aliments-riches-en-fibres/;fibres alimentaires; Equilibre alimentaire
http://diaporamas.doctissimo.fr/nutrition/stop-aux-mauvaises-habitudes-alimentaires/;
http://diaporamas.doctissimo.fr/nutrition/les-aliments-riches-en-proteines/;tissus osseux; Carences alimentaires
http://diaporamas.doctissimo.fr/nutrition/les-aliments-riches-en-calcium/;produits laitiers; Carences alimentaires; Equilibre alimentaire
http://diaporamas.doctissimo.fr/nutrition/les-aliments-riches-en-magnesium/;vitamine C; Carences alimentaires; Forum Stress; Forum Fatigue
http://diaporamas.doctissimo.fr/nutrition/les-aliments-riches-en-cholesterol/;maladies cardiovasculaires; Maladies cardiovasculaires; Equilibre alimentaire
http://diaporamas.doctissimo.fr/nutrition/les-aliments-pauvres-en-cholesterol/;Maladies cardiovasculaires; Equilibre alimentaire
http://diaporamas.doctissimo.fr/nutrition/10-idees-recues-sur-la-cure-detox/;
http://diaporamas.doctissimo.fr/nutrition/le-grand-match-des-aliments/;Equilibre alimentaire
http://diaporamas.doctissimo.fr/nutrition/bien-jeuner-jeune-10-questions/;Carences alimentaires
http://diaporamas.doctissimo.fr/nutrition/idees-de-lunch-box-des-dej-a-emporter-100-vitalite/;Violaine Badie; Editions Laymon; Forum Fatigue
http://diaporamas.doctissimo.fr/nutrition/les-meilleurs-aliments-brule-graisses/;Florence Daine
http://diaporamas.doctissimo.fr/nutrition/quelle-pomme-pour-quelle-recette/;Forum Recettes
http://diaporamas.doctissimo.fr/nutrition/les-aliments-qui-ameliorent-la-circulation-sanguine-et-soulagent-les-varices/;circulation sanguine; jambes lourdes; Charo Sierra; Jambes lourdes; Forum Varices
http://diaporamas.doctissimo.fr/nutrition/bien-manger-a-la-semaine/;Charo Sierra
http://diaporamas.doctissimo.fr/nutrition/prevenir-le-cancer-du-colon-grace-a-l-alimentation/;
http://diaporamas.doctissimo.fr/nutrition/la-toxicite-cachee-des-aliments/;Charo Sierra
http://diaporamas.doctissimo.fr/nutrition/l-effet-yo-yo-des-regimes/;Charo Sierra; Forum Maigrir
http://diaporamas.doctissimo.fr/nutrition/20-aliments-a-index-glycemique-eleve/;
http://diaporamas.doctissimo.fr/nutrition/les-aliments-qui-empechent-l-absorption-des-vitamines/;
http://diaporamas.doctissimo.fr/nutrition/une-alimentation-saine-pour-des-dents-saines/;
http://diaporamas.doctissimo.fr/nutrition/les-aliments-les-plus-riches-en-vitamine-d/;
http://diaporamas.doctissimo.fr/nutrition/petits-encas-de-moins-de-100-calories/;
http://diaporamas.doctissimo.fr/nutrition/foie-gras-saumon-fume-champagne-les-bienfaits-de-10-produits-stars-des-fetes/;Forum Recettes
http://diaporamas.doctissimo.fr/nutrition/buche-de-noel/;
http://diaporamas.doctissimo.fr/nutrition/les-aliments-ventre-plat/;
http://diaporamas.doctissimo.fr/nutrition/galette-des-rois-les-meilleures-galettes-des-rois-2014/;
http://diaporamas.doctissimo.fr/beaute/gommage-corps/;
http://diaporamas.doctissimo.fr/beaute/rate-chirurgie-esthetique/;
http://diaporamas.doctissimo.fr/beaute/apres-soleil/;Forum Bronzage
http://diaporamas.doctissimo.fr/beaute/huile-seche/;
http://diaporamas.doctissimo.fr/beaute/serum-visage/;
http://diaporamas.doctissimo.fr/beaute/accessoires-cheveux/;Forum Coiffure
http://diaporamas.doctissimo.fr/beaute/coiffure-mariee/;Forum Coiffure; Forum Mariage
http://diaporamas.doctissimo.fr/beaute/coupe-au-carre-modeles-de-coiffures-au-carre/;Cheveux courts
http://diaporamas.doctissimo.fr/beaute/demaquillants/;Forum Maquillage
http://diaporamas.doctissimo.fr/beaute/maquillage-defile-maquillage-de-defile/;
http://diaporamas.doctissimo.fr/beaute/coiffure-facile/;Forum Coiffure
http://diaporamas.doctissimo.fr/beaute/coiffure-2014-coupe-de-cheveux-2014/;Forum Coiffure
http://diaporamas.doctissimo.fr/beaute/coiffure-de-star-coiffures-de-stars/;
http://diaporamas.doctissimo.fr/beaute/coiffure-tendance-defiles/;Coiffures tendances; Photos coiffures
http://diaporamas.doctissimo.fr/beaute/mariage-robe-de-mariee/;Forum Mariage
http://diaporamas.doctissimo.fr/beaute/pires-looks-de-stars/;Forum People
http://diaporamas.doctissimo.fr/beaute/vernis-a-ongles-tendance/;Forum Manucure
http://diaporamas.doctissimo.fr/beaute/oscars-2012-les-tops-et-les-flops-beaute/;
http://diaporamas.doctissimo.fr/beaute/parfums-printemps-ete/;Forum Parfums
http://diaporamas.doctissimo.fr/beaute/coiffure-cheveux-longs-modele-de-coiffure-cheveux-longs/;Cheveux longs
http://diaporamas.doctissimo.fr/beaute/produits-minceur-2012/;
http://diaporamas.doctissimo.fr/beaute/cosmetiques-au-chocolat/;Forum Maquillage
http://diaporamas.doctissimo.fr/beaute/autobronzants/;
http://diaporamas.doctissimo.fr/beaute/comment-avoir-de-beaux-pieds/;
http://diaporamas.doctissimo.fr/beaute/coiffures-cannes-2012/;
http://diaporamas.doctissimo.fr/beaute/robes-festival-cannes-2012/;Forum Mode
http://diaporamas.doctissimo.fr/beaute/carre-plongeant/;
http://diaporamas.doctissimo.fr/beaute/festival-de-cannes-2012-notre-palmares-beaute/;
http://diaporamas.doctissimo.fr/beaute/epilation-du-maillot-ce-que-les-hommes-preferent/;
http://diaporamas.doctissimo.fr/beaute/poudre-de-soleil/;
http://diaporamas.doctissimo.fr/beaute/protection-solaire-cheveux/;
http://diaporamas.doctissimo.fr/beaute/maillot-de-bain-tendance/;
http://diaporamas.doctissimo.fr/beaute/lunettes-de-soleil-tendance/;Forum Mode
http://diaporamas.doctissimo.fr/beaute/coiffure-de-plage/;Forum Coiffure
http://diaporamas.doctissimo.fr/beaute/creme-solaire-protection-solaire/;
http://diaporamas.doctissimo.fr/beaute/spa-femme-enceinte/;Les spas; Forum Grossesse
http://diaporamas.doctissimo.fr/beaute/maquillage-tendance-maquillage-2014/;
http://diaporamas.doctissimo.fr/beaute/cancer-du-sein-les-marques-s-engagent-pour-la-bonne-cause/;
http://diaporamas.doctissimo.fr/beaute/tendance-beaute-quand-la-techno-nous-sauve-la-peau/;Amandine Garcia
http://diaporamas.doctissimo.fr/beaute/nouveaute-parfum/;
http://diaporamas.doctissimo.fr/beaute/mascara-2014/;
http://diaporamas.doctissimo.fr/beaute/produit-de-beaute-pas-cher/;
http://diaporamas.doctissimo.fr/beaute/people-s-choice-awards-2013-les-10-plus-beaux-looks-beaute/;Forum Mode
http://diaporamas.doctissimo.fr/beaute/contour-des-yeux/;
http://diaporamas.doctissimo.fr/beaute/saint-valentin-2013-7-peches-capitaux-de-la-beaute/;pour elle; pour lui; nous deux; Forum Massages
http://diaporamas.doctissimo.fr/beaute/coiffure-avec-des-meches/;
http://diaporamas.doctissimo.fr/beaute/soin-hydratant-corps/;Soins hydratants
http://diaporamas.doctissimo.fr/beaute/robe-de-mariee-courte/;Forum mariage
http://diaporamas.doctissimo.fr/beaute/les-femmes-de-doctissimo/;
http://diaporamas.doctissimo.fr/beaute/cc-cream/;Amandine Garcia; Forum Maquillage
http://diaporamas.doctissimo.fr/beaute/maquillage-se-maquiller-pendant-la-grossesse/;Jessica Xavier; Forum Grossesse
http://diaporamas.doctissimo.fr/beaute/rouge-a-levres-stars/;Amandine Garcia; Forum Maquillage; Forum People
http://diaporamas.doctissimo.fr/beaute/soins-cheveux-boucles/;Amandine Garcia
http://diaporamas.doctissimo.fr/beaute/maquillage-solaire-maquillage-teint/;Forum Maquillage
http://diaporamas.doctissimo.fr/beaute/rouge-a-levres/;Amandine Garcia
http://diaporamas.doctissimo.fr/beaute/kate-middleton-enceinte/;Amandine Garcia
http://diaporamas.doctissimo.fr/beaute/produits-de-beaute-format-voyage/;
http://diaporamas.doctissimo.fr/beaute/cheveux-crepus-coupe-de-cheveux-crepus/;Amandine Garcia
http://diaporamas.doctissimo.fr/beaute/cheveux-attaches-coupe-cheveux-attaches/;
http://diaporamas.doctissimo.fr/beaute/produits-minceur-maigrir-apres-accouchement/;Jessica Xavier; Forum Cellulite; Forum Grossesse
http://diaporamas.doctissimo.fr/beaute/soins-anti-vergeture-grossesse/;Jessica Xavier; Forum Grossesse
http://diaporamas.doctissimo.fr/beaute/maquillage-waterproof/;Amandine Garcia; Forum Maquillage
http://diaporamas.doctissimo.fr/beaute/volume-cheveux-fins/;Forum Cheveux
http://diaporamas.doctissimo.fr/beaute/routine-peau-sensible/;
http://diaporamas.doctissimo.fr/beaute/creme-visage-peau-sensible/;
http://diaporamas.doctissimo.fr/beaute/conseils-fond-de-teint/;Forum Maquillage
http://diaporamas.doctissimo.fr/beaute/comment-prolonger-son-bronzage/;Forum Bronzage
http://diaporamas.doctissimo.fr/beaute/soins-cheveux-crepus/;Amandine Garcia
http://diaporamas.doctissimo.fr/beaute/soin-cheveux-apres-ete/;
http://diaporamas.doctissimo.fr/beaute/dreamtone-lancome/;
http://diaporamas.doctissimo.fr/beaute/mannequin-sans-maquillage/;
http://diaporamas.doctissimo.fr/beaute/side-braid/;
http://diaporamas.doctissimo.fr/beaute/coiffure-avec-frange/;
http://diaporamas.doctissimo.fr/beaute/cheveux-ondules-coiffures-pour-cheveux-ondules/;
http://diaporamas.doctissimo.fr/beaute/carre-degrade/;Cheveux courts
http://diaporamas.doctissimo.fr/beaute/chignon-mariage/;utoriaux chignons; Forum Coiffure; Forum Mariage
http://diaporamas.doctissimo.fr/beaute/coiffures-iconiques-de-stars/;
http://diaporamas.doctissimo.fr/beaute/cheveux-tie-and-dye-coloration-tie-and-dye/;
http://diaporamas.doctissimo.fr/beaute/blondes-ou-brunes/;
http://diaporamas.doctissimo.fr/beaute/produit-pour-le-bain/;Amandine Garcia
http://diaporamas.doctissimo.fr/beaute/coiffure-rihanna/;gris glacial; coupe mulet; Amandine Garcia
http://diaporamas.doctissimo.fr/beaute/seins-de-stars/;
http://diaporamas.doctissimo.fr/beaute/soin-peau-hiver/;
http://diaporamas.doctissimo.fr/beaute/pixie-cut/;
http://diaporamas.doctissimo.fr/beaute/hydratation-de-la-peau/;
http://diaporamas.doctissimo.fr/beaute/cheveux-roux-coloration-cheveux-roux/;coloration rousse
http://diaporamas.doctissimo.fr/beaute/robe-de-mariee-boheme/;
http://diaporamas.doctissimo.fr/beaute/robe-de-mariee-princesse/;
http://diaporamas.doctissimo.fr/beaute/grosse-poitrine/;Amandine Garcia
http://diaporamas.doctissimo.fr/beaute/parfums-noel/;
http://diaporamas.doctissimo.fr/beaute/defile-victoria-s-secret/;
http://diaporamas.doctissimo.fr/beaute/robe-de-mariee-rock/;
http://diaporamas.doctissimo.fr/beaute/robe-de-mariee-de-couleur/;
http://diaporamas.doctissimo.fr/beaute/cadeau-de-noel/;
http://diaporamas.doctissimo.fr/beaute/barbie-joyeux-noel/;
http://diaporamas.doctissimo.fr/beaute/calendriers-de-l-avent-noel-2013/;
http://diaporamas.doctissimo.fr/beaute/maquillage-de-star/;Amandine Garcia; Forum Maquillage
http://diaporamas.doctissimo.fr/beaute/calendrier-pirelli/;
http://diaporamas.doctissimo.fr/beaute/comment-reussir-sa-coloration-maison/;
http://diaporamas.doctissimo.fr/forme/sports-brule-calories/;
http://diaporamas.doctissimo.fr/forme/nouveautes-deodorant/;Forum Transpiration
http://diaporamas.doctissimo.fr/forme/cure-pour-maigrir/;Catherine Maillard; Forum Thalasso
http://diaporamas.doctissimo.fr/forme/quel-sport-choisir-femme/;
http://diaporamas.doctissimo.fr/forme/beaux-gosses-roland-garros/;
http://diaporamas.doctissimo.fr/forme/sport-pour-maigrir/;Objectif minceur
http://diaporamas.doctissimo.fr/forme/danse-tendance-quelle-danse-pour-moi/;
http://diaporamas.doctissimo.fr/forme/fitness-2013/;Forum fitness
http://diaporamas.doctissimo.fr/forme/cures-detox-minceur/;
http://diaporamas.doctissimo.fr/forme/equipement-ski-2013/;
http://diaporamas.doctissimo.fr/forme/sport-sexy/;Jessica Xavier; Forum Fitness
http://diaporamas.doctissimo.fr/forme/massage-pas-cher/;Forum Massages
http://diaporamas.doctissimo.fr/forme/thalasso-famille/;Forum Thalasso
http://diaporamas.doctissimo.fr/forme/secrets-minceur-des-stars/;Forum fitness
http://diaporamas.doctissimo.fr/forme/equipement-marathon/;Amandine Garcia; Forum Sport
http://diaporamas.doctissimo.fr/forme/stars-yoyo/;Amandine Garcia
http://diaporamas.doctissimo.fr/forme/salle-de-sport-low-cost/;
http://diaporamas.doctissimo.fr/forme/accessoires-yoga/;Amandine Garcia; Forum Yoga
http://diaporamas.doctissimo.fr/forme/musique-sport/;Forum Forme
http://diaporamas.doctissimo.fr/forme/sports-aquatiques/;Sports aquatiques; Forum fitness
http://diaporamas.doctissimo.fr/forme/sport-chaleur/;Amandine Garcia
http://diaporamas.doctissimo.fr/forme/se-refaire-une-beaute/;
http://diaporamas.doctissimo.fr/forme/thalasso-bien-etre-detente/;Amandine Garcia
http://diaporamas.doctissimo.fr/forme/sports-cour-de-recre/;
http://diaporamas.doctissimo.fr/forme/sac-polochon/;Mode fitness
http://diaporamas.doctissimo.fr/forme/vetements-danse/;Forum Danse
http://diaporamas.doctissimo.fr/forme/basket-vintage/;
http://diaporamas.doctissimo.fr/forme/produit-pour-le-sport/;
http://diaporamas.doctissimo.fr/forme/combinaison-de-ski/;
http://diaporamas.doctissimo.fr/forme/vetements-de-ski/;
http://diaporamas.doctissimo.fr/forme/vetements-de-ski-flashy/;
http://diaporamas.doctissimo.fr/forme/que-faire-a-la-montagne/;
http://diaporamas.doctissimo.fr/forme/calendrier-evenements-sportifs-2014/;
http://diaporamas.doctissimo.fr/sexualite/cadeaux-noel-sexy/;Forum Massages
http://diaporamas.doctissimo.fr/sexualite/livres-sexy/;
http://diaporamas.doctissimo.fr/sexualite/sex-toys/;Catherine Maillard; Sex toys
http://diaporamas.doctissimo.fr/sexualite/une-st-valentin-inoubliable/;Relations amoureuses
http://diaporamas.doctissimo.fr/sexualite/c-est-quoi-un-bon-coup/;Catherine Maillard; Anne Dufour; Forum Orgasme
http://diaporamas.doctissimo.fr/sexualite/kamasutra-en-images/;
http://diaporamas.doctissimo.fr/sexualite/Vive-les-bonnes-resolutions-sexuelles/;
http://diaporamas.doctissimo.fr/sexualite/kamasutra-femme-enceinte/;
http://diaporamas.doctissimo.fr/sexualite/position-tomber-enceinte/;
http://diaporamas.doctissimo.fr/sexualite/mythes-du-plaisir-feminin/;Forum Fantasmes
http://diaporamas.doctissimo.fr/sexualite/stimulez-votre-desir-en-10-etapes/;
http://diaporamas.doctissimo.fr/sexualite/idees-recues-sur-la-sexualite-masculine/;
http://diaporamas.doctissimo.fr/sexualite/kamasutra-pour-hommes-les-positions-du-plaisir-masculin/;Forum Kamasutra
http://diaporamas.doctissimo.fr/sexualite/ce-que-les-femmes-aiment-au-lit/;Forum Fantasmes
http://diaporamas.doctissimo.fr/sexualite/ce-qui-plait-aux-hommes-au-lit/;Forum Fantasmes
http://diaporamas.doctissimo.fr/sexualite/dix-nouveaux-gadgets-sexy-pour-la-rentree/;
http://diaporamas.doctissimo.fr/sexualite/dix-gadgets-coquins/;Luc Blanchot
http://diaporamas.doctissimo.fr/sexualite/les-secrets-que-les-femmes-aimeraient-que-vous-connaissiez/;Catherine Maillard; Forum Fantasmes
http://diaporamas.doctissimo.fr/sexualite/les-secrets-que-les-hommes-aimeraient-que-vous-connaissiez/;Catherine Maillard; 224 pages; Forum Fantasmes
http://diaporamas.doctissimo.fr/sexualite/selection-de-bd-erotiques/;Catherine Maillard
http://diaporamas.doctissimo.fr/sexualite/decodez-les-micro-messages-sexuels-des-femmes/;Catherine Maillard
http://diaporamas.doctissimo.fr/sexualite/decodez-les-micro-messages-sexuels-des-hommes/;Catherine Maillard
http://diaporamas.doctissimo.fr/sexualite/les-positions-du-kamasutra-qui-stimulent-le-clitoris/;
http://diaporamas.doctissimo.fr/sexualite/kamasutra-10-positions-pour-petits-penis/;plaisir sexuel; Forum Orgasme
http://diaporamas.doctissimo.fr/sexualite/les-positions-du-kamasutra-qui-stimulent-le-point-g/;Point G
http://diaporamas.doctissimo.fr/sexualite/apprendre-la-fellation-et-le-cunnilingus/;sexe oral; Sexe oral; La fellation; Forum Orgasme; Forum Kamasutra
http://diaporamas.doctissimo.fr/sexualite/le-manuel-du-sexe-ecologique/;
http://diaporamas.doctissimo.fr/sexualite/10-positions-pour-grands-penis/;
http://diaporamas.doctissimo.fr/sexualite/les-zones-erogenes-feminines/;
http://diaporamas.doctissimo.fr/sexualite/les-lois-sexuelles-les-plus-insolites/;
http://diaporamas.doctissimo.fr/sexualite/beautiful-bastard-le-sexe-au-bureau-devient-l-ultime-fantasme/;Catherine Maillard
http://diaporamas.doctissimo.fr/sexualite/histoire-sexy-france/;Forum Fantasmes
http://diaporamas.doctissimo.fr/sexualite/le-sexe-en-ete-en-10-conseils/;Forum Contraception
http://diaporamas.doctissimo.fr/sexualite/causes-troubles-erection/;
http://diaporamas.doctissimo.fr/sexualite/les-curiosites-sexuelles-du-monde-animal/;Forum Animaux
http://diaporamas.doctissimo.fr/sexualite/les-destinations-les-plus-romantiques/;Forum Voyages
http://diaporamas.doctissimo.fr/sexualite/les-aphrodisiaques-les-plus-populaires/;Forums Aphrodisiaques
http://diaporamas.doctissimo.fr/sexualite/attraction-sexuelle/;Rencontres amoureuses; Forum Fantasmes
http://diaporamas.doctissimo.fr/sexualite/tue-l-amour/;
http://diaporamas.doctissimo.fr/sexualite/scandales-sexuels-stars/;Forum Fantasmes
http://diaporamas.doctissimo.fr/sexualite/rentree-sexuelle/;Catherine Maillard; 123 pages; Editions Leducs; 208 pages
http://diaporamas.doctissimo.fr/sexualite/cuisine-aphrodisiaque/;Editions Blanche; 125 pages; Recettes aphrodisiaques; Forums Aphrodisiaques
http://diaporamas.doctissimo.fr/sexualite/lingerie-sexy/;Amandine Garcia
http://diaporamas.doctissimo.fr/sexualite/sexe-et-calories/;Forum Orgasme; Forum Kamasutra
http://diaporamas.doctissimo.fr/sexualite/10-erreurs-commises-par-les-femmes-au-lit/;Forum Fantasmes
http://diaporamas.doctissimo.fr/sexualite/dix-choses-insolites-sur-le-bisou/;
http://diaporamas.doctissimo.fr/sexualite/10-erreurs-commises-par-les-hommes-au-lit/;Forum Fantasmes
http://diaporamas.doctissimo.fr/sexualite/amour-10-gestes-affectueux/;
http://diaporamas.doctissimo.fr/sexualite/aventure-sans-lendemain-plan-cul/;Forum Fantasmes
http://diaporamas.doctissimo.fr/sexualite/dirty-talk/;
http://diaporamas.doctissimo.fr/sexualite/sexe-et-robot-sexualite-du-futur/;Forum Fantasmes
http://diaporamas.doctissimo.fr/sexualite/revolution-sexuelle/;
http://diaporamas.doctissimo.fr/sexualite/retro-sexo-2013/;
http://diaporamas.doctissimo.fr/mode/sac-a-main-de-marque/;Forum Mode
http://diaporamas.doctissimo.fr/mode/bottines-tendances-bottines/;Forum Mode
http://diaporamas.doctissimo.fr/mode/doudoune-femme/;Forum Mode
http://diaporamas.doctissimo.fr/mode/lingerie-femme/;
http://diaporamas.doctissimo.fr/mode/robe-noire/;Forum Mode
http://diaporamas.doctissimo.fr/mode/robe/;Forum Mode
http://diaporamas.doctissimo.fr/mode/jeans/;Forum Mode
http://diaporamas.doctissimo.fr/famille/trop-mignon-les-bebes-animaux/;
http://diaporamas.doctissimo.fr/famille/jouets-de-noel/;
http://diaporamas.doctissimo.fr/famille/mon-noel-do-it-yourself/;Jessica Xavier
http://diaporamas.doctissimo.fr/famille/selection-de-livres-pour-noel/;
http://diaporamas.doctissimo.fr/famille/activite-a-faire-pendant-les-vacances/;400 pages
